INSERT INTO h_0 (id, ym, h_txt, h_order) values ('00009', '199901', 'ヘッダ9', 9);
INSERT INTO h_0 (id, ym, h_txt, h_order) values ('00006', '199901', 'ヘッダ6', 6);
INSERT INTO h_0 (id, ym, h_txt, h_order) values ('00003', '199901', 'ヘッダ3', 3);
INSERT INTO h_0 (id, ym, h_txt, h_order) values ('00001', '199901', 'ヘッダヘッダ1', 1);
INSERT INTO h_0 (id, ym, h_txt, h_order) values ('00004', '199901', 'ヘッダ4', 4);
INSERT INTO h_0 (id, ym, h_txt, h_order) values ('00007', '199901', 'ヘッダ7', 7);
INSERT INTO h_0 (id, ym, h_txt, h_order) values ('00005', '199901', 'ダ5', 5);
INSERT INTO h_0 (id, ym, h_txt, h_order) values ('00008', '199901', 'ヘッダ8', 8);
INSERT INTO h_0 (id, ym, h_txt, h_order) values ('00002', '199901', 'ヘッダ2', 2);
INSERT INTO h_0 (id, ym, h_txt, h_order) values ('00000', '199901', 'ヘッダ0', 0);
INSERT INTO h_1 (id, ym, h_txt, h_order) values ('00009', '199901', 'ヘッ１ダ9', 9);
INSERT INTO h_1 (id, ym, h_txt, h_order) values ('00006', '199901', 'ヘッ１ダ6', 6);
INSERT INTO h_1 (id, ym, h_txt, h_order) values ('00003', '199901', 'ヘッ１ダ3', 3);
INSERT INTO h_1 (id, ym, h_txt, h_order) values ('00008', '199901', 'ヘッ１ダ8', 8);
INSERT INTO h_1 (id, ym, h_txt, h_order) values ('00002', '199901', 'ヘッ１ダ2', 2);
INSERT INTO h_1 (id, ym, h_txt, h_order) values ('00000', '199901', 'ヘッ１ダ0', 0);
INSERT INTO h_1 (id, ym, h_txt, h_order) values ('00001', '199901', 'ヘッ１ダ1', 1);
INSERT INTO h_1 (id, ym, h_txt, h_order) values ('00004', '199901', 'ヘッ１ダ4', 4);
INSERT INTO h_1 (id, ym, h_txt, h_order) values ('00007', '199901', 'ヘッ１ダ7', 7);
INSERT INTO h_1 (id, ym, h_txt, h_order) values ('00005', '199901', 'ヘッ１ダ5', 5);
INSERT INTO h_2 (id, ym, h_txt, h_order) values ('00001', '199901', 'ヘ2ッ１ダ1', 1);
INSERT INTO h_2 (id, ym, h_txt, h_order) values ('00004', '199901', 'ヘ2ッ１ダ4', 4);
INSERT INTO h_2 (id, ym, h_txt, h_order) values ('00007', '199901', 'ヘ2ッ１ダ7', 7);
INSERT INTO h_2 (id, ym, h_txt, h_order) values ('00005', '199901', 'ヘ2ッ１ダ5', 5);
INSERT INTO h_2 (id, ym, h_txt, h_order) values ('00008', '199901', 'ヘ2ッ１ダ8', 8);
INSERT INTO h_2 (id, ym, h_txt, h_order) values ('00002', '199901', 'ヘ2ッ１ダ2', 2);
INSERT INTO h_2 (id, ym, h_txt, h_order) values ('00000', '199901', 'ヘ2ッ１ダ0', 0);
INSERT INTO h_2 (id, ym, h_txt, h_order) values ('00009', '199901', 'ヘ2ッ１ダ9', 9);
INSERT INTO h_2 (id, ym, h_txt, h_order) values ('00006', '199901', 'ヘ2ッ１ダ6', 6);
INSERT INTO h_2 (id, ym, h_txt, h_order) values ('00003', '199901', 'ヘ2ッ１ダ3', 3);
INSERT INTO h_3 (id, ym, h_txt, h_order) values ('00001', '199901', '3ヘ2ッ１ダ1', 1);
INSERT INTO h_3 (id, ym, h_txt, h_order) values ('00000', '199901', '3ヘ2ッ１ダ0', 0);
INSERT INTO h_4 (id, ym, h_txt, h_order) values ('00001', '199901', '４3ヘ2ッ１ダ1', 1);
INSERT INTO h_4 (id, ym, h_txt, h_order) values ('00000', '199901', '４3ヘ2ッ１ダ0', 0);
INSERT INTO h_4 (id, ym, h_txt, h_order) values ('00002', '199901', '４3ヘ2ッ１ダ2', 2);
INSERT INTO t_0 values ('00001', '199901', 'ヘッダ0', 'ヘッ１ダ0', 'ヘ2ッ１ダ1', 1);
INSERT INTO t_0 values ('00000', '199901', 'ヘッダ0', 'ヘッ１ダ0', 'ヘ2ッ１ダ0', 0);
INSERT INTO t_0 values ('00009', '199901', 'ヘッダ0', 'ヘッ１ダ0', 'ヘ2ッ１ダ9', 9);
INSERT INTO t_0 values ('00300', '199901', 'ヘッダ3', 'ヘッ１ダ0', 'ヘ2ッ１ダ0', 300300300);
INSERT INTO t_0 values ('00190', '199901', 'ヘッダヘッダ1', 'ヘッ１ダ9', 'ヘ2ッ１ダ0', 190);
INSERT INTO t_0 values ('00567', '199901', 'ダ5', 'ヘッ１ダ6', 'ヘ2ッ１ダ7', 567);
INSERT INTO t_0 values ('00077', '199901', 'ヘッダ0', 'ヘッ１ダ7', 'ヘ2ッ１ダ7', 77);
INSERT INTO t_0 values ('00900', '199901', 'ヘッダ9', 'ヘッ１ダ0', 'ヘ2ッ１ダ0', 900);
INSERT INTO t_0 values ('00030', '199901', 'ヘッダ0', 'ヘッ１ダ3', 'ヘ2ッ１ダ0', 30);
INSERT INTO t_0 values ('00123', '199901', 'ヘッダヘッダ1', 'ヘッ１ダ2', 'ヘ2ッ１ダ3', 123);
INSERT INTO t_0 values ('00789', '199901', 'ヘッダ7', 'ヘッ１ダ8', 'ヘ2ッ１ダ9', 789);
INSERT INTO t_0 values ('00589', '199901', 'ダ5', 'ヘッ１ダ8', 'ヘ2ッ１ダ9', -589589589);
INSERT INTO t_0 values ('00333', '199901', 'ヘッダ3', 'ヘッ１ダ3', 'ヘ2ッ１ダ3', 333);
INSERT INTO t_1 values ('00789', '199901', 'ヘッダ7', 'ヘッ１ダ8', '3ヘ2ッ１ダ1', 781);
INSERT INTO t_1 values ('00333', '199901', 'ヘッダ3', 'ヘッ１ダ3', '3ヘ2ッ１ダ0', 330);
INSERT INTO t_2 values ('00123', '199901', 'ヘッダヘッダ1', 'ヘッ１ダ2', '４3ヘ2ッ１ダ2', 122);
INSERT INTO t_2 values ('00789', '199901', 'ヘッダ7', 'ヘッ１ダ8', '４3ヘ2ッ１ダ0', 780);
INSERT INTO t_2 values ('00333', '199901', 'ヘッダ3', 'ヘッ１ダ3', '４3ヘ2ッ１ダ0', 330);

